equipo,x_inicio,y_inicio,eventos_en_zona
Argentina,6.0,36.0,4
Argentina,106.5,20.5,4
Argentina,99.3,17.2,3
Argentina,98.1,21.4,3
Argentina,101.7,6.5,3
Argentina,104.6,2.3,3
Argentina,98.4,19.0,3
Argentina,112.9,13.2,3
Argentina,111.3,6.7,3
Argentina,111.9,10.6,3
Argentina,65.2,62.5,3
Argentina,67.9,70.5,3
Argentina,69.2,53.2,3
Argentina,72.9,69.0,3
Argentina,71.7,50.4,3
Argentina,73.8,64.7,3
Argentina,74.2,66.2,3
Argentina,76.1,55.1,3
Argentina,76.4,25.4,3
Argentina,77.0,60.3,3
Argentina,77.2,67.2,3
Argentina,78.9,38.1,3
Argentina,79.5,52.2,3
Argentina,82.6,70.0,3
Argentina,85.2,62.9,3
Argentina,88.0,47.1,3
Argentina,7.0,36.1,3
Argentina,12.9,13.6,3
Argentina,13.9,58.4,3
Argentina,16.2,61.7,3
Argentina,27.0,72.3,3
Argentina,32.0,25.8,3
Argentina,34.7,7.2,3
Argentina,36.5,50.4,3
Argentina,37.6,49.4,3
Argentina,39.8,34.7,3
Argentina,42.9,14.9,3
Argentina,44.2,48.8,3
Argentina,44.6,51.1,3
Argentina,45.5,48.1,3
Argentina,46.4,44.5,3
Argentina,50.6,27.8,3
Argentina,49.9,8.4,3
Argentina,49.9,29.7,3
Argentina,52.8,24.4,3
Argentina,53.2,40.0,3
Argentina,53.4,22.1,3
Argentina,54.1,25.7,3
Argentina,54.4,68.9,3
Argentina,54.6,36.1,3
Argentina,55.0,58.2,3
Argentina,56.2,16.1,3
Argentina,57.7,67.4,3
Argentina,56.6,40.5,3
Argentina,60.7,61.0,3
Argentina,63.5,39.6,3
Argentina,63.5,59.8,3
Argentina,64.2,33.1,3
Argentina,64.3,36.4,2
Argentina,64.4,15.4,2
Argentina,64.5,6.4,2
Argentina,64.1,24.8,2
Argentina,64.5,22.5,2
Argentina,63.6,40.0,2
Argentina,63.7,54.7,2
Argentina,63.8,18.3,2
Argentina,62.9,39.6,2
Argentina,63.0,9.2,2
Argentina,63.0,63.7,2
Argentina,63.2,4.6,2
Argentina,57.5,24.3,2
Argentina,62.6,42.3,2
Argentina,62.8,16.9,2
Argentina,63.4,61.8,2
Argentina,60.6,71.4,2
Argentina,63.5,25.2,2
Argentina,61.0,40.1,2
Argentina,62.0,17.1,2
Argentina,62.0,74.4,2
Argentina,56.6,45.3,2
Argentina,56.6,64.1,2
Argentina,57.0,41.9,2
Argentina,57.2,59.4,2
Argentina,55.0,54.2,2
Argentina,56.3,7.8,2
Argentina,55.8,3.5,2
Argentina,55.9,43.8,2
Argentina,55.6,53.6,2
Argentina,55.8,73.3,2
Argentina,55.9,12.8,2
Argentina,55.9,23.2,2
Argentina,55.1,5.6,2
Argentina,55.3,13.2,2
Argentina,55.3,20.7,2
Argentina,55.2,55.6,2
Argentina,52.8,21.4,2
Argentina,54.6,33.9,2
Argentina,54.2,3.8,2
Argentina,54.2,60.1,2
Argentina,54.4,33.0,2
Argentina,54.4,51.2,2
Argentina,54.4,56.4,2
Argentina,53.3,72.4,2
Argentina,54.0,74.9,2
Argentina,54.1,14.0,2
Argentina,54.1,22.9,2
Argentina,53.3,19.2,2
Argentina,52.8,72.7,2
Argentina,52.8,73.5,2
Argentina,53.1,13.8,2
Argentina,52.2,10.3,2
Argentina,52.4,62.5,2
Argentina,48.3,67.2,2
Argentina,48.3,26.2,2
Argentina,50.3,48.8,2
Argentina,50.5,12.8,2
Argentina,51.7,46.1,2
Argentina,51.8,51.8,2
Argentina,47.2,11.1,2
Argentina,47.5,57.6,2
Argentina,48.8,10.7,2
Argentina,45.8,77.2,2
Argentina,45.9,5.6,2
Argentina,45.9,18.3,2
Argentina,45.1,75.8,2
Argentina,46.4,15.3,2
Argentina,46.4,18.8,2
Argentina,46.8,22.0,2
Argentina,46.8,61.3,2
Argentina,45.5,49.4,2
Argentina,45.5,62.6,2
Argentina,45.5,72.9,2
Argentina,44.8,69.2,2
Argentina,44.3,50.8,2
Argentina,44.0,5.7,2
Argentina,44.4,12.6,2
Argentina,41.7,39.5,2
Argentina,41.7,47.2,2
Argentina,43.3,74.5,2
Argentina,43.6,51.9,2
Argentina,43.7,62.0,2
Argentina,43.7,68.2,2
Argentina,42.6,20.0,2
Argentina,41.7,53.4,2
Argentina,42.4,65.4,2
Argentina,39.3,52.6,2
Argentina,40.1,21.1,2
Argentina,41.1,5.0,2
Argentina,41.1,40.0,2
Argentina,41.1,48.5,2
Argentina,41.1,49.6,2
Argentina,40.7,40.8,2
Argentina,41.1,60.2,2
Argentina,37.5,61.2,2
Argentina,37.6,9.2,2
Argentina,38.2,34.0,2
Argentina,38.9,33.9,2
Argentina,36.6,14.7,2
Argentina,36.6,21.3,2
Argentina,36.7,19.2,2
Argentina,37.1,68.5,2
Argentina,35.7,10.0,2
Argentina,35.0,70.9,2
Argentina,35.0,80.0,2
Argentina,35.3,47.1,2
Argentina,35.8,38.7,2
Argentina,34.0,61.1,2
Argentina,35.1,34.9,2
Argentina,35.1,50.9,2
Argentina,35.2,50.4,2
Argentina,33.1,65.0,2
Argentina,33.8,74.0,2
Argentina,34.2,74.9,2
Argentina,31.5,8.4,2
Argentina,29.1,72.5,2
Argentina,32.6,55.1,2
Argentina,32.6,69.0,2
Argentina,32.8,28.6,2
Argentina,32.9,75.3,2
Argentina,33.3,30.6,2
Argentina,32.0,26.5,2
Argentina,32.0,36.5,2
Argentina,29.1,38.1,2
Argentina,31.1,36.1,2
Argentina,31.1,47.4,2
Argentina,31.1,62.3,2
Argentina,27.4,72.3,2
Argentina,29.7,31.1,2
Argentina,23.5,28.7,2
Argentina,23.5,52.2,2
Argentina,23.9,15.9,2
Argentina,24.0,26.4,2
Argentina,24.2,63.3,2
Argentina,24.3,26.5,2
Argentina,24.4,49.4,2
Argentina,24.9,37.6,2
Argentina,25.5,42.0,2
Argentina,26.1,53.6,2
Argentina,26.2,49.7,2
Argentina,26.6,10.4,2
Argentina,26.7,18.8,2
Argentina,25.9,45.6,2
Argentina,5.8,60.2,2
Argentina,26.7,44.5,2
Argentina,16.4,16.1,2
Argentina,16.0,34.9,2
Argentina,16.0,42.9,2
Argentina,14.5,25.4,2
Argentina,11.3,17.5,2
Argentina,13.1,43.0,2
Argentina,17.4,25.8,2
Argentina,17.6,24.1,2
Argentina,20.6,12.5,2
Argentina,21.6,54.6,2
Argentina,13.8,67.3,2
Argentina,13.9,29.0,2
Argentina,19.3,24.8,2
Argentina,19.8,41.3,2
Argentina,23.1,30.6,2
Argentina,7.3,53.2,2
Argentina,4.9,17.4,2
Argentina,4.9,70.5,2
Argentina,3.1,56.8,2
Argentina,3.8,9.3,2
Argentina,3.9,28.4,2
Argentina,3.9,40.8,2
Argentina,3.9,44.5,2
Argentina,8.0,38.8,2
Argentina,8.2,24.5,2
Argentina,9.8,22.0,2
Argentina,9.8,23.3,2
Argentina,3.6,23.7,2
Argentina,9.6,36.6,2
Argentina,10.5,26.7,2
Argentina,10.5,68.0,2
Argentina,10.9,22.1,2
Argentina,11.8,52.9,2
Argentina,88.1,35.1,2
Argentina,88.6,57.6,2
Argentina,88.9,59.8,2
Argentina,87.1,68.6,2
Argentina,87.2,56.0,2
Argentina,87.3,51.9,2
Argentina,87.4,55.1,2
Argentina,87.5,38.8,2
Argentina,86.2,31.7,2
Argentina,86.5,19.8,2
Argentina,86.5,39.6,2
Argentina,86.7,47.0,2
Argentina,87.0,55.4,2
Argentina,89.2,65.0,2
Argentina,90.1,66.6,2
Argentina,91.1,37.3,2
Argentina,91.7,35.2,2
Argentina,91.9,48.1,2
Argentina,92.1,33.9,2
Argentina,92.7,62.1,2
Argentina,93.7,53.4,2
Argentina,85.1,73.0,2
Argentina,85.6,36.6,2
Argentina,85.7,50.8,2
Argentina,85.9,31.0,2
Argentina,84.4,75.2,2
Argentina,84.8,37.8,2
Argentina,84.3,61.3,2
Argentina,84.8,52.1,2
Argentina,80.1,23.2,2
Argentina,80.1,56.7,2
Argentina,80.7,45.5,2
Argentina,83.7,66.5,2
Argentina,84.0,5.0,2
Argentina,84.2,26.4,2
Argentina,78.6,58.9,2
Argentina,79.0,51.7,2
Argentina,79.3,50.2,2
Argentina,81.3,32.0,2
Argentina,81.4,47.4,2
Argentina,77.3,5.9,2
Argentina,77.7,54.3,2
Argentina,77.0,61.6,2
Argentina,74.1,61.1,2
Argentina,77.0,23.2,2
Argentina,76.2,59.6,2
Argentina,76.6,37.0,2
Argentina,75.2,65.1,2
Argentina,75.3,7.8,2
Argentina,75.3,28.3,2
Argentina,75.3,54.3,2
Argentina,75.3,65.4,2
Argentina,75.4,16.7,2
Argentina,75.4,53.5,2
Argentina,75.7,28.3,2
Argentina,74.3,56.8,2
Argentina,74.4,25.9,2
Argentina,73.9,71.5,2
Argentina,71.7,58.9,2
Argentina,68.9,73.7,2
Argentina,69.0,72.9,2
Argentina,67.9,44.1,2
Argentina,73.8,50.4,2
Argentina,73.0,64.2,2
Argentina,73.2,42.1,2
Argentina,73.4,46.1,2
Argentina,73.5,8.0,2
Argentina,73.5,48.0,2
Argentina,72.4,27.6,2
Argentina,72.4,31.2,2
Argentina,72.4,52.1,2
Argentina,69.2,55.4,2
Argentina,69.2,71.1,2
Argentina,68.2,76.4,2
Argentina,68.8,54.6,2
Argentina,68.1,24.2,2
Argentina,66.3,21.7,2
Argentina,67.7,48.0,2
Argentina,67.7,55.6,2
Argentina,69.6,32.7,2
Argentina,69.7,55.1,2
Argentina,70.3,55.6,2
Argentina,70.6,74.4,2
Argentina,70.9,34.4,2
Argentina,71.1,68.0,2
Argentina,65.2,63.3,2
Argentina,65.6,25.0,2
Argentina,64.8,66.9,2
Argentina,64.6,15.4,2
Argentina,65.0,60.3,2
Argentina,65.8,37.3,2
Argentina,66.6,29.7,2
Argentina,66.7,61.8,2
Argentina,66.7,63.6,2
Argentina,67.0,35.2,2
Argentina,117.5,76.0,2
Argentina,111.8,41.2,2
Argentina,111.0,68.5,2
Argentina,120.0,0.1,2
Argentina,120.0,80.0,2
Argentina,109.9,7.4,2
Argentina,110.3,62.0,2
Argentina,97.4,21.9,2
Argentina,95.6,55.4,2
Argentina,95.6,70.2,2
Argentina,95.6,22.8,2
Argentina,97.1,52.5,2
Argentina,97.1,55.1,2
Argentina,94.8,10.7,2
Argentina,94.9,6.7,2
Argentina,95.0,49.1,2
Argentina,95.1,8.2,2
Argentina,94.4,8.8,2
Argentina,95.5,6.3,2
Argentina,95.9,29.0,2
Argentina,101.7,42.4,2
Argentina,102.1,74.5,2
Argentina,103.4,13.6,2
Argentina,98.3,5.8,2
Argentina,100.8,43.9,2
Argentina,99.6,76.7,2
Argentina,106.5,73.5,2
Argentina,105.5,24.3,2
Argentina,105.5,27.6,2
Argentina,105.4,7.9,2
Argentina,107.4,3.8,2
Argentina,107.9,75.0,2
Argentina,108.1,73.6,2
Argentina,112.8,49.4,2
Argentina,108.8,8.2,1
Argentina,109.4,80.0,1
Argentina,107.9,80.0,1
Argentina,108.1,11.4,1
Argentina,107.6,80.0,1
Argentina,107.8,41.6,1
Argentina,105.4,73.3,1
Argentina,105.8,27.6,1
Argentina,105.9,5.5,1
Argentina,107.0,10.1,1
Argentina,107.0,51.1,1
Argentina,99.7,71.9,1
Argentina,99.9,75.3,1
Argentina,100.2,37.0,1
Argentina,100.4,29.9,1
Argentina,100.4,44.1,1
Argentina,101.0,4.9,1
Argentina,101.4,25.4,1
Argentina,103.9,34.0,1
Argentina,104.6,0.1,1
Argentina,102.1,34.9,1
Argentina,105.0,11.0,1
Argentina,105.0,13.2,1
Argentina,96.1,31.0,1
Argentina,96.1,63.8,1
Argentina,96.1,80.0,1
Argentina,96.2,12.8,1
Argentina,96.5,17.6,1
Argentina,96.5,61.1,1
Argentina,96.5,74.9,1
Argentina,96.8,28.7,1
Argentina,97.1,18.6,1
Argentina,95.5,33.3,1
Argentina,95.6,6.3,1
Argentina,94.5,51.8,1
Argentina,95.1,8.4,1
Argentina,95.1,55.2,1
Argentina,97.3,52.8,1
Argentina,95.6,32.5,1
Argentina,95.6,70.5,1
Argentina,95.7,56.9,1
Argentina,97.5,15.7,1
Argentina,97.9,47.7,1
Argentina,98.0,31.3,1
Argentina,98.5,61.2,1
Argentina,98.7,80.0,1
Argentina,98.9,47.5,1
Argentina,98.9,62.9,1
Argentina,110.4,9.4,1
Argentina,110.4,36.9,1
Argentina,110.5,39.9,1
Argentina,110.8,9.9,1
Argentina,110.8,40.1,1
Argentina,111.0,9.9,1
Argentina,109.9,35.6,1
Argentina,109.9,68.9,1
Argentina,109.9,72.7,1
Argentina,113.0,10.7,1
Argentina,113.2,6.8,1
Argentina,113.4,49.5,1
Argentina,114.2,80.0,1
Argentina,115.0,5.7,1
Argentina,115.8,65.1,1
Argentina,116.1,68.4,1
Argentina,116.3,70.8,1
Argentina,111.2,51.4,1
Argentina,117.7,62.9,1
Argentina,118.5,77.4,1
Argentina,112.6,49.5,1
Argentina,67.0,61.6,1
Argentina,67.0,65.1,1
Argentina,67.0,73.3,1
Argentina,67.1,44.5,1
Argentina,67.1,64.1,1
Argentina,67.1,78.1,1
Argentina,67.2,23.5,1
Argentina,67.3,69.4,1
Argentina,67.4,70.8,1
Argentina,67.5,15.5,1
Argentina,67.5,17.6,1
Argentina,67.5,65.1,1
Argentina,67.6,27.0,1
Argentina,67.0,7.9,1
Argentina,67.0,26.9,1
Argentina,65.9,20.0,1
Argentina,65.9,76.3,1
Argentina,66.1,58.2,1
Argentina,66.1,63.6,1
Argentina,65.2,15.7,1
Argentina,65.2,43.7,1
Argentina,64.6,71.9,1
Argentina,64.8,27.1,1
Argentina,64.8,69.4,1
Argentina,64.8,76.3,1
Argentina,64.9,20.9,1
Argentina,65.0,26.5,1
Argentina,65.0,28.3,1
Argentina,65.0,42.7,1
Argentina,65.7,23.7,1
Argentina,65.7,24.8,1
Argentina,65.7,46.5,1
Argentina,65.7,48.0,1
Argentina,65.7,57.4,1
Argentina,65.3,31.8,1
Argentina,65.3,36.9,1
Argentina,65.3,63.3,1
Argentina,65.4,69.7,1
Argentina,65.5,31.5,1
Argentina,71.3,57.6,1
Argentina,71.3,69.4,1
Argentina,71.4,38.8,1
Argentina,71.5,67.9,1
Argentina,71.7,24.0,1
Argentina,70.9,57.6,1
Argentina,71.1,25.3,1
Argentina,70.4,3.7,1
Argentina,70.4,14.8,1
Argentina,70.4,66.7,1
Argentina,70.5,59.6,1
Argentina,70.1,19.7,1
Argentina,70.1,50.9,1
Argentina,67.7,73.1,1
Argentina,66.4,80.0,1
Argentina,66.5,37.6,1
Argentina,68.2,56.4,1
Argentina,68.2,63.7,1
Argentina,68.0,23.1,1
Argentina,68.9,67.3,1
Argentina,68.5,69.4,1
Argentina,69.3,66.5,1
Argentina,69.4,25.6,1
Argentina,69.5,55.4,1
Argentina,69.5,80.0,1
Argentina,72.4,56.5,1
Argentina,72.5,0.4,1
Argentina,72.8,46.1,1
Argentina,72.9,37.0,1
Argentina,72.9,42.1,1
Argentina,73.6,8.0,1
Argentina,73.7,34.8,1
Argentina,73.7,61.3,1
Argentina,69.2,24.6,1
Argentina,72.0,17.2,1
Argentina,72.0,59.2,1
Argentina,72.4,13.7,1
Argentina,73.9,74.5,1
Argentina,74.1,10.5,1
Argentina,73.9,52.5,1
Argentina,75.0,8.1,1
Argentina,75.0,65.7,1
Argentina,75.2,31.6,1
Argentina,75.2,55.5,1
Argentina,75.7,68.3,1
Argentina,75.7,72.4,1
Argentina,75.8,12.2,1
Argentina,75.8,30.6,1
Argentina,76.0,57.5,1
Argentina,76.0,75.0,1
Argentina,75.4,23.2,1
Argentina,76.1,68.0,1
Argentina,76.1,69.0,1
Argentina,76.2,56.8,1
Argentina,76.6,80.0,1
Argentina,76.7,32.7,1
Argentina,76.7,40.4,1
Argentina,76.7,75.0,1
Argentina,76.7,77.0,1
Argentina,76.8,14.9,1
Argentina,76.8,49.6,1
Argentina,76.4,18.1,1
Argentina,76.4,37.2,1
Argentina,77.2,18.0,1
Argentina,77.8,0.1,1
Argentina,77.9,21.6,1
Argentina,77.9,28.0,1
Argentina,78.1,49.5,1
Argentina,78.3,30.6,1
Argentina,78.3,33.3,1
Argentina,78.5,54.3,1
Argentina,78.6,24.3,1
Argentina,78.6,52.9,1
Argentina,78.6,53.4,1
Argentina,77.3,37.0,1
Argentina,77.3,43.3,1
Argentina,77.3,71.7,1
Argentina,77.4,80.0,1
Argentina,77.5,71.7,1
Argentina,77.6,66.6,1
Argentina,77.7,4.8,1
Argentina,81.5,33.7,1
Argentina,81.8,74.5,1
Argentina,82.2,14.2,1
Argentina,82.2,45.5,1
Argentina,82.3,14.2,1
Argentina,82.3,53.8,1
Argentina,82.5,47.6,1
Argentina,82.6,20.1,1
Argentina,79.3,74.8,1
Argentina,78.6,62.5,1
Argentina,79.8,33.9,1
Argentina,84.3,32.7,1
Argentina,84.3,53.2,1
Argentina,84.1,19.2,1
Argentina,80.7,70.9,1
Argentina,81.2,11.7,1
Argentina,80.3,56.7,1
Argentina,82.6,72.3,1
Argentina,82.6,80.0,1
Argentina,82.8,0.1,1
Argentina,82.8,30.8,1
Argentina,83.2,72.3,1
Argentina,83.5,66.5,1
Argentina,83.7,26.4,1
Argentina,84.8,57.7,1
Argentina,85.0,46.4,1
Argentina,84.4,16.5,1
Argentina,84.4,59.8,1
Argentina,84.8,43.1,1
Argentina,84.8,50.2,1
Argentina,86.1,21.2,1
Argentina,85.8,42.1,1
Argentina,85.2,58.9,1
Argentina,85.3,6.0,1
Argentina,85.5,55.6,1
Argentina,93.9,55.3,1
Argentina,94.0,46.8,1
Argentina,94.2,6.7,1
Argentina,93.0,52.3,1
Argentina,93.2,15.2,1
Argentina,93.4,14.8,1
Argentina,93.4,35.6,1
Argentina,93.6,48.8,1
Argentina,92.1,38.4,1
Argentina,92.6,59.8,1
Argentina,92.7,16.9,1
Argentina,92.0,39.5,1
Argentina,91.5,5.1,1
Argentina,91.6,55.1,1
Argentina,90.3,20.8,1
Argentina,90.3,25.2,1
Argentina,90.3,47.4,1
Argentina,90.5,42.3,1
Argentina,90.5,48.7,1
Argentina,90.6,12.2,1
Argentina,90.8,8.2,1
Argentina,90.8,77.4,1
Argentina,91.0,32.2,1
Argentina,91.0,32.7,1
Argentina,91.0,34.9,1
Argentina,89.3,66.0,1
Argentina,89.4,1.7,1
Argentina,89.4,38.0,1
Argentina,89.5,6.3,1
Argentina,89.8,9.3,1
Argentina,89.8,48.7,1
Argentina,89.9,32.5,1
Argentina,90.0,37.8,1
Argentina,87.0,56.3,1
Argentina,87.1,14.3,1
Argentina,87.1,42.9,1
Argentina,86.7,61.9,1
Argentina,86.8,5.7,1
Argentina,86.8,19.8,1
Argentina,86.9,0.1,1
Argentina,86.2,63.1,1
Argentina,86.3,8.4,1
Argentina,86.3,31.5,1
Argentina,86.3,44.7,1
Argentina,86.4,26.3,1
Argentina,86.4,32.0,1
Argentina,86.4,49.7,1
Argentina,87.5,39.6,1
Argentina,87.5,59.6,1
Argentina,88.0,3.8,1
Argentina,88.0,28.4,1
Argentina,87.4,59.4,1
Argentina,87.3,3.8,1
Argentina,89.0,6.5,1
Argentina,89.0,31.6,1
Argentina,89.1,34.3,1
Argentina,88.1,69.1,1
Argentina,88.2,49.3,1
Argentina,88.3,38.2,1
Argentina,88.6,18.0,1
Argentina,88.6,27.0,1
Argentina,11.8,56.9,1
Argentina,11.9,31.8,1
Argentina,12.2,76.3,1
Argentina,12.5,30.1,1
Argentina,12.5,69.5,1
Argentina,12.7,76.3,1
Argentina,12.9,9.6,1
Argentina,10.9,80.0,1
Argentina,11.3,12.8,1
Argentina,9.6,40.2,1
Argentina,9.8,12.1,1
Argentina,3.6,58.0,1
Argentina,10.2,7.4,1
Argentina,10.2,11.2,1
Argentina,10.2,43.2,1
Argentina,10.2,44.5,1
Argentina,10.2,72.7,1
Argentina,10.3,48.6,1
Argentina,10.4,31.2,1
Argentina,8.2,35.7,1
Argentina,8.2,40.0,1
Argentina,8.2,51.6,1
Argentina,8.4,16.9,1
Argentina,8.7,7.8,1
Argentina,8.9,28.7,1
Argentina,9.0,31.5,1
Argentina,9.4,13.0,1
Argentina,4.0,11.7,1
Argentina,4.3,15.0,1
Argentina,4.6,14.3,1
Argentina,3.2,6.6,1
Argentina,3.2,36.6,1
Argentina,3.2,72.4,1
Argentina,3.4,43.6,1
Argentina,0.1,42.0,1
Argentina,0.1,42.1,1
Argentina,0.3,39.9,1
Argentina,0.5,39.3,1
Argentina,0.5,76.7,1
Argentina,0.9,42.5,1
Argentina,1.4,41.3,1
Argentina,1.6,2.7,1
Argentina,1.6,39.2,1
Argentina,1.8,40.5,1
Argentina,2.6,48.2,1
Argentina,2.7,39.1,1
Argentina,2.7,42.2,1
Argentina,5.0,38.8,1
Argentina,5.1,53.4,1
Argentina,5.4,19.4,1
Argentina,5.8,41.4,1
Argentina,6.0,44.0,1
Argentina,6.0,58.7,1
Argentina,6.9,73.3,1
Argentina,7.6,32.8,1
Argentina,7.9,1.7,1
Argentina,7.9,32.9,1
Argentina,8.0,24.9,1
Argentina,7.0,44.1,1
Argentina,7.3,5.6,1
Argentina,7.3,30.7,1
Argentina,23.5,0.1,1
Argentina,20.3,42.3,1
Argentina,19.5,24.8,1
Argentina,19.7,50.2,1
Argentina,21.9,44.1,1
Argentina,22.0,23.9,1
Argentina,22.0,61.6,1
Argentina,22.2,2.5,1
Argentina,22.2,27.9,1
Argentina,22.5,51.7,1
Argentina,22.9,22.7,1
Argentina,23.0,25.0,1
Argentina,20.7,36.9,1
Argentina,20.8,66.8,1
Argentina,20.8,70.9,1
Argentina,21.0,70.9,1
Argentina,21.1,5.6,1
Argentina,21.2,17.2,1
Argentina,21.2,57.5,1
Argentina,21.5,42.2,1
Argentina,21.5,48.9,1
Argentina,17.8,80.0,1
Argentina,17.9,27.8,1
Argentina,18.0,40.2,1
Argentina,18.1,34.0,1
Argentina,18.6,33.5,1
Argentina,18.7,28.1,1
Argentina,13.1,56.4,1
Argentina,13.3,14.4,1
Argentina,13.6,6.6,1
Argentina,13.6,8.1,1
Argentina,13.6,57.1,1
Argentina,13.6,59.6,1
Argentina,13.6,62.5,1
Argentina,11.3,38.7,1
Argentina,11.5,36.6,1
Argentina,13.1,18.4,1
Argentina,14.2,74.6,1
Argentina,14.3,17.6,1
Argentina,14.3,45.9,1
Argentina,14.5,30.2,1
Argentina,14.6,52.5,1
Argentina,14.7,25.1,1
Argentina,14.7,45.3,1
Argentina,14.9,27.4,1
Argentina,14.9,34.3,1
Argentina,14.9,40.4,1
Argentina,15.1,39.6,1
Argentina,15.2,52.7,1
Argentina,15.4,35.6,1
Argentina,15.4,42.9,1
Argentina,15.4,45.3,1
Argentina,15.7,52.4,1
Argentina,16.2,26.1,1
Argentina,16.2,41.3,1
Argentina,16.4,25.8,1
Argentina,17.1,5.6,1
Argentina,17.3,34.0,1
Argentina,26.0,37.7,1
Argentina,26.1,33.3,1
Argentina,26.7,34.4,1
Argentina,25.5,46.2,1
Argentina,25.5,47.5,1
Argentina,25.9,26.2,1
Argentina,25.0,24.9,1
Argentina,25.3,25.4,1
Argentina,25.3,66.9,1
Argentina,24.5,24.7,1
Argentina,24.5,34.5,1
Argentina,24.5,57.3,1
Argentina,24.6,28.4,1
Argentina,24.7,29.2,1
Argentina,24.4,31.2,1
Argentina,24.2,63.6,1
Argentina,24.0,49.8,1
Argentina,24.1,27.9,1
Argentina,23.5,53.4,1
Argentina,23.6,62.5,1
Argentina,30.3,70.8,1
Argentina,30.4,44.7,1
Argentina,30.7,18.3,1
Argentina,30.7,78.4,1
Argentina,30.8,31.9,1
Argentina,30.9,41.4,1
Argentina,31.0,37.7,1
Argentina,27.5,46.2,1
Argentina,28.0,41.7,1
Argentina,28.0,46.2,1
Argentina,28.1,0.1,1
Argentina,28.2,67.2,1
Argentina,28.5,25.0,1
Argentina,28.6,51.7,1
Argentina,28.7,54.4,1
Argentina,28.8,33.3,1
Argentina,31.1,74.5,1
Argentina,31.3,36.5,1
Argentina,31.4,51.8,1
Argentina,29.1,45.2,1
Argentina,27.4,18.0,1
Argentina,32.4,41.6,1
Argentina,32.4,57.2,1
Argentina,32.4,71.4,1
Argentina,32.5,49.7,1
Argentina,32.6,26.1,1
Argentina,33.3,74.4,1
Argentina,33.5,29.8,1
Argentina,33.6,40.5,1
Argentina,33.0,11.5,1
Argentina,33.0,38.2,1
Argentina,32.8,35.4,1
Argentina,32.7,25.0,1
Argentina,29.3,48.0,1
Argentina,29.3,52.1,1
Argentina,31.6,1.7,1
Argentina,31.7,30.8,1
Argentina,31.8,15.0,1
Argentina,31.8,30.7,1
Argentina,34.2,80.0,1
Argentina,34.3,38.0,1
Argentina,34.6,10.3,1
Argentina,34.0,27.6,1
Argentina,33.2,55.8,1
Argentina,33.3,8.4,1
Argentina,35.3,29.9,1
Argentina,34.0,80.0,1
Argentina,34.2,49.1,1
Argentina,34.7,70.2,1
Argentina,35.8,51.3,1
Argentina,35.9,37.0,1
Argentina,36.0,52.1,1
Argentina,36.0,60.9,1
Argentina,36.1,23.3,1
Argentina,36.1,32.9,1
Argentina,36.4,39.4,1
Argentina,35.5,36.1,1
Argentina,35.1,32.3,1
Argentina,35.7,63.8,1
Argentina,36.5,63.7,1
Argentina,37.3,24.5,1
Argentina,37.5,23.8,1
Argentina,37.5,60.0,1
Argentina,36.8,80.0,1
Argentina,39.3,13.4,1
Argentina,39.3,13.5,1
Argentina,38.7,32.7,1
Argentina,37.6,54.6,1
Argentina,37.9,65.9,1
Argentina,41.4,23.7,1
Argentina,41.6,14.9,1
Argentina,40.8,5.3,1
Argentina,41.1,56.7,1
Argentina,40.2,65.7,1
Argentina,40.2,70.5,1
Argentina,40.3,33.3,1
Argentina,40.3,46.2,1
Argentina,40.4,40.6,1
Argentina,40.6,10.8,1
Argentina,39.5,54.7,1
Argentina,40.0,3.0,1
Argentina,40.0,64.6,1
Argentina,42.4,69.4,1
Argentina,42.5,60.0,1
Argentina,42.6,10.0,1
Argentina,41.7,63.8,1
Argentina,41.8,49.5,1
Argentina,42.0,30.6,1
Argentina,42.2,52.2,1
Argentina,42.6,49.3,1
Argentina,42.7,53.1,1
Argentina,42.7,56.8,1
Argentina,42.8,8.4,1
Argentina,42.9,12.5,1
Argentina,43.1,45.3,1
Argentina,43.2,22.5,1
Argentina,43.3,14.1,1
Argentina,43.3,30.8,1
Argentina,43.8,41.5,1
Argentina,43.7,12.2,1
Argentina,43.7,51.2,1
Argentina,43.4,50.2,1
Argentina,41.7,48.4,1
Argentina,44.4,51.8,1
Argentina,44.0,12.1,1
Argentina,44.0,20.3,1
Argentina,44.3,67.9,1
Argentina,44.4,10.8,1
Argentina,44.9,46.8,1
Argentina,44.9,48.5,1
Argentina,45.1,14.4,1
Argentina,45.1,22.0,1
Argentina,45.1,38.1,1
Argentina,45.1,63.9,1
Argentina,45.1,72.0,1
Argentina,45.8,5.6,1
Argentina,45.8,17.5,1
Argentina,44.8,14.7,1
Argentina,44.8,19.6,1
Argentina,44.8,68.2,1
Argentina,46.8,77.6,1
Argentina,46.9,7.0,1
Argentina,46.9,38.0,1
Argentina,45.4,10.7,1
Argentina,45.5,8.2,1
Argentina,45.9,46.3,1
Argentina,46.1,45.9,1
Argentina,46.2,22.5,1
Argentina,46.2,60.5,1
Argentina,46.3,29.7,1
Argentina,46.3,55.0,1
Argentina,48.8,69.4,1
Argentina,49.2,22.5,1
Argentina,49.2,45.7,1
Argentina,49.6,20.5,1
Argentina,49.8,24.5,1
Argentina,49.8,24.9,1
Argentina,49.8,34.0,1
Argentina,47.6,75.6,1
Argentina,47.7,67.1,1
Argentina,48.1,62.9,1
Argentina,47.2,43.1,1
Argentina,47.3,25.0,1
Argentina,46.4,65.8,1
Argentina,46.7,34.0,1
Argentina,51.9,16.4,1
Argentina,51.8,38.6,1
Argentina,50.5,47.4,1
Argentina,48.3,62.7,1
Argentina,48.4,31.8,1
Argentina,48.6,3.7,1
Argentina,48.7,62.2,1
Argentina,49.9,80.0,1
Argentina,50.0,25.8,1
Argentina,50.6,45.0,1
Argentina,50.6,56.0,1
Argentina,50.9,11.7,1
Argentina,50.9,39.0,1
Argentina,51.1,14.0,1
Argentina,51.1,22.7,1
Argentina,51.1,56.7,1
Argentina,51.2,12.8,1
Argentina,51.2,18.2,1
Argentina,51.3,18.1,1
Argentina,51.3,66.1,1
Argentina,51.4,35.4,1
Argentina,51.5,16.2,1
Argentina,51.5,73.3,1
Argentina,51.7,29.2,1
Argentina,52.5,5.5,1
Argentina,52.6,10.7,1
Argentina,52.6,54.7,1
Argentina,52.6,64.6,1
Argentina,52.8,15.7,1
Argentina,52.8,18.3,1
Argentina,52.2,38.1,1
Argentina,52.2,66.9,1
Argentina,52.2,69.1,1
Argentina,52.3,54.4,1
Argentina,53.1,15.0,1
Argentina,53.1,18.5,1
Argentina,53.1,38.5,1
Argentina,53.3,32.7,1
Argentina,53.3,42.1,1
Argentina,53.3,80.0,1
Argentina,53.6,15.2,1
Argentina,53.7,54.7,1
Argentina,53.8,10.4,1
Argentina,53.8,58.4,1
Argentina,54.0,24.7,1
Argentina,54.4,33.6,1
Argentina,54.2,53.9,1
Argentina,54.2,57.2,1
Argentina,54.2,58.0,1
Argentina,54.6,14.1,1
Argentina,54.7,10.4,1
Argentina,54.7,35.9,1
Argentina,54.9,22.3,1
Argentina,54.9,36.4,1
Argentina,54.9,47.1,1
Argentina,55.0,38.3,1
Argentina,55.3,3.8,1
Argentina,55.3,5.6,1
Argentina,55.3,10.6,1
Argentina,55.3,10.8,1
Argentina,55.3,53.0,1
Argentina,55.1,53.9,1
Argentina,55.9,40.8,1
Argentina,55.6,73.7,1
Argentina,55.7,0.9,1
Argentina,55.7,54.0,1
Argentina,56.0,38.2,1
Argentina,55.8,58.0,1
Argentina,56.2,40.4,1
Argentina,56.2,80.0,1
Argentina,57.3,72.2,1
Argentina,57.1,73.7,1
Argentina,56.6,72.9,1
Argentina,56.6,40.6,1
Argentina,62.1,74.4,1
Argentina,62.2,14.1,1
Argentina,62.2,31.5,1
Argentina,62.4,36.8,1
Argentina,61.5,72.4,1
Argentina,61.9,47.0,1
Argentina,57.9,48.6,1
Argentina,57.9,49.8,1
Argentina,58.0,72.7,1
Argentina,58.4,6.2,1
Argentina,58.4,13.2,1
Argentina,58.4,64.2,1
Argentina,58.9,28.8,1
Argentina,59.5,46.4,1
Argentina,59.7,73.3,1
Argentina,60.1,56.0,1
Argentina,60.2,70.7,1
Argentina,60.3,58.3,1
Argentina,60.4,6.8,1
Argentina,60.5,73.3,1
Argentina,60.6,33.7,1
Argentina,63.5,7.2,1
Argentina,62.8,63.5,1
Argentina,57.6,46.2,1
Argentina,57.7,58.0,1
Argentina,63.3,10.7,1
Argentina,63.3,19.8,1
Argentina,63.3,62.2,1
Argentina,63.4,25.9,1
Argentina,63.8,41.3,1
Argentina,63.8,42.1,1
Argentina,63.7,62.3,1
Argentina,63.6,61.8,1
Argentina,64.5,26.5,1
Argentina,64.5,39.3,1
Argentina,64.2,7.4,1
Argentina,64.5,14.4,1
England,55.3,38.9,4
England,120.0,80.0,4
England,109.0,71.7,3
England,55.3,67.5,3
England,57.5,25.0,3
England,51.9,54.3,3
England,53.1,4.3,3
England,53.1,22.5,3
England,53.1,23.9,3
England,54.8,19.4,3
England,44.0,27.0,3
England,49.7,51.4,3
England,31.1,28.4,3
England,32.1,75.1,3
England,41.8,19.9,3
England,66.0,21.4,3
England,71.2,78.6,3
England,76.7,28.4,3
England,80.8,14.7,3
England,81.9,25.0,3
England,84.0,19.0,3
England,85.9,4.8,3
England,87.4,47.8,3
England,88.6,75.6,3
England,7.0,44.1,3
England,9.5,45.4,3
England,15.1,30.1,3
England,15.5,74.1,3
England,22.9,47.1,3
England,22.9,65.6,2
England,24.0,69.6,2
England,24.2,24.9,2
England,24.2,63.6,2
England,24.5,38.0,2
England,25.1,6.8,2
England,25.1,60.4,2
England,25.3,66.9,2
England,25.4,49.9,2
England,25.7,39.4,2
England,26.1,31.6,2
England,27.5,57.8,2
England,27.6,26.7,2
England,26.7,69.5,2
England,27.1,55.6,2
England,28.4,22.5,2
England,28.5,13.3,2
England,15.7,73.8,2
England,17.6,56.0,2
England,18.4,43.2,2
England,18.5,44.2,2
England,18.7,72.4,2
England,19.3,42.7,2
England,19.5,39.3,2
England,20.7,24.5,2
England,22.0,17.2,2
England,22.0,63.2,2
England,20.2,4.8,2
England,22.8,35.5,2
England,22.8,45.7,2
England,10.5,25.1,2
England,12.2,66.4,2
England,13.6,74.8,2
England,12.4,34.6,2
England,12.5,45.4,2
England,13.8,7.6,2
England,13.7,38.8,2
England,14.8,56.6,2
England,8.3,29.7,2
England,8.4,22.6,2
England,8.5,51.1,2
England,8.6,44.5,2
England,8.9,33.7,2
England,8.9,36.4,2
England,8.9,40.1,2
England,9.1,31.9,2
England,9.4,48.3,2
England,9.7,47.8,2
England,10.9,68.0,2
England,11.2,31.3,2
England,7.3,20.9,2
England,2.6,6.6,2
England,4.8,23.3,2
England,7.3,28.3,2
England,7.5,16.8,2
England,7.9,51.5,2
England,7.9,65.0,2
England,3.2,55.0,2
England,5.1,48.6,2
England,5.2,37.8,2
England,89.4,2.9,2
England,89.7,64.7,2
England,86.6,2.7,2
England,86.6,36.7,2
England,86.8,3.7,2
England,86.8,77.3,2
England,76.7,23.9,2
England,88.5,6.5,2
England,90.8,49.5,2
England,92.1,20.5,2
England,92.1,20.9,2
England,90.6,21.3,2
England,92.3,38.4,2
England,93.1,22.3,2
England,93.2,67.8,2
England,93.4,18.8,2
England,95.7,58.3,2
England,96.8,3.7,2
England,97.4,31.5,2
England,98.8,20.7,2
England,101.5,67.5,2
England,103.1,13.1,2
England,86.5,30.3,2
England,85.9,9.9,2
England,85.4,24.1,2
England,85.5,76.0,2
England,85.7,6.6,2
England,86.1,70.3,2
England,86.3,3.9,2
England,79.3,6.5,2
England,80.7,20.1,2
England,82.2,30.1,2
England,82.7,6.6,2
England,84.0,71.2,2
England,84.5,2.1,2
England,84.9,61.2,2
England,76.8,5.1,2
England,76.8,8.2,2
England,76.8,31.3,2
England,77.6,20.1,2
England,75.9,74.4,2
England,76.1,56.9,2
England,76.3,2.1,2
England,75.2,73.1,2
England,76.7,19.9,2
England,71.8,18.0,2
England,72.1,24.3,2
England,72.7,10.7,2
England,73.1,7.1,2
England,73.3,72.3,2
England,73.7,23.9,2
England,73.9,30.7,2
England,66.3,19.2,2
England,74.7,60.1,2
England,75.5,5.3,2
England,66.0,22.2,2
England,53.1,22.3,2
England,65.9,42.0,2
England,67.3,20.7,2
England,67.3,72.0,2
England,66.4,71.5,2
England,67.9,9.4,2
England,68.0,3.3,2
England,68.0,6.8,2
England,68.1,22.6,2
England,68.9,1.7,2
England,55.7,40.7,2
England,60.2,56.6,2
England,60.6,8.2,2
England,63.1,12.6,2
England,64.7,4.1,2
England,64.7,10.2,2
England,62.7,41.9,2
England,62.9,22.5,2
England,65.5,76.0,2
England,41.9,43.1,2
England,42.2,61.6,2
England,42.3,26.8,2
England,42.7,10.3,2
England,42.8,49.3,2
England,42.8,77.7,2
England,43.4,26.2,2
England,43.2,18.0,2
England,43.5,43.1,2
England,43.6,76.0,2
England,43.7,64.0,2
England,43.6,2.9,2
England,44.0,14.7,2
England,44.0,56.8,2
England,44.0,76.9,2
England,44.1,47.4,2
England,44.1,77.0,2
England,35.9,70.3,2
England,35.7,24.1,2
England,36.7,20.1,2
England,36.7,75.6,2
England,36.9,28.6,2
England,38.0,24.7,2
England,38.6,6.1,2
England,40.0,66.7,2
England,41.3,75.6,2
England,40.9,25.4,2
England,41.6,16.0,2
England,32.2,32.7,2
England,31.8,67.9,2
England,31.1,48.0,2
England,31.1,71.6,2
England,31.2,59.1,2
England,31.0,50.3,2
England,30.7,25.8,2
England,28.6,29.7,2
England,29.4,34.5,2
England,30.3,37.1,2
England,30.2,23.7,2
England,30.6,25.4,2
England,32.4,38.9,2
England,32.4,51.1,2
England,32.6,52.7,2
England,32.6,37.3,2
England,33.3,53.5,2
England,33.4,13.3,2
England,33.6,74.6,2
England,33.7,50.5,2
England,33.7,53.9,2
England,33.8,24.1,2
England,33.9,40.6,2
England,34.0,40.7,2
England,34.4,25.9,2
England,34.4,44.2,2
England,34.9,7.6,2
England,34.9,44.2,2
England,50.0,59.3,2
England,50.1,48.5,2
England,47.3,4.3,2
England,48.4,72.7,2
England,47.5,57.4,2
England,50.6,9.4,2
England,50.2,72.7,2
England,50.4,31.1,2
England,51.4,10.9,2
England,51.8,19.9,2
England,52.4,5.8,2
England,52.4,20.7,2
England,44.8,77.7,2
England,44.4,29.2,2
England,44.4,33.2,2
England,44.9,75.1,2
England,45.2,18.5,2
England,45.3,9.0,2
England,45.3,70.0,2
England,44.9,18.5,2
England,45.7,58.2,2
England,46.2,23.8,2
England,46.8,55.5,2
England,46.9,11.0,2
England,46.9,19.8,2
England,46.9,30.7,2
England,46.9,68.1,2
England,54.8,23.8,2
England,54.9,5.7,2
England,54.9,19.8,2
England,54.9,34.0,2
England,54.9,38.9,2
England,55.1,9.9,2
England,55.1,54.0,2
England,55.1,63.8,2
England,53.5,60.9,2
England,53.7,16.0,2
England,53.9,50.1,2
England,53.1,27.4,2
England,53.1,4.6,2
England,53.1,7.6,2
England,58.0,16.2,2
England,59.6,41.7,2
England,59.9,41.8,2
England,60.0,40.0,2
England,56.5,5.7,2
England,55.5,5.1,2
England,56.0,38.5,2
England,55.3,40.1,2
England,32.1,53.5,2
England,53.0,23.7,2
England,54.4,41.4,2
England,54.5,7.8,2
England,120.0,0.1,2
England,104.3,10.2,2
England,104.5,51.0,2
England,104.5,73.6,2
England,106.0,1.5,2
England,107.2,23.7,2
England,109.7,58.0,2
England,109.8,14.3,2
England,110.3,76.3,2
England,101.2,2.2,2
England,107.2,1.1,2
England,111.9,28.5,2
England,111.9,67.3,2
England,113.6,8.8,2
England,113.7,75.0,2
England,115.6,7.0,2
England,117.8,14.1,2
England,117.8,43.6,1
England,117.8,53.2,1
England,117.8,70.0,1
England,116.0,9.8,1
England,116.1,0.1,1
England,116.2,14.3,1
England,116.2,39.5,1
England,116.4,53.6,1
England,117.2,41.9,1
England,113.9,10.9,1
England,113.9,73.8,1
England,114.3,10.7,1
England,114.5,0.1,1
England,114.6,69.0,1
England,115.0,75.2,1
England,115.4,40.1,1
England,112.7,33.5,1
England,112.8,35.0,1
England,112.9,50.9,1
England,113.1,3.3,1
England,107.2,23.3,1
England,101.4,6.9,1
England,110.5,4.3,1
England,110.5,30.3,1
England,110.7,28.2,1
England,110.7,28.6,1
England,110.8,4.6,1
England,110.8,24.1,1
England,111.1,0.1,1
England,111.1,19.6,1
England,111.1,40.5,1
England,111.3,18.8,1
England,111.6,33.9,1
England,111.9,9.0,1
England,111.9,27.0,1
England,109.8,29.5,1
England,110.1,24.8,1
England,110.1,32.7,1
England,110.2,50.3,1
England,110.2,74.7,1
England,110.3,23.9,1
England,110.3,24.8,1
England,110.3,33.1,1
England,110.3,34.4,1
England,107.2,53.4,1
England,107.3,11.4,1
England,107.4,49.1,1
England,107.7,9.5,1
England,107.8,4.5,1
England,108.2,9.8,1
England,108.2,26.2,1
England,108.5,80.0,1
England,108.6,25.0,1
England,108.8,34.6,1
England,109.0,34.0,1
England,106.1,5.5,1
England,106.2,0.1,1
England,106.2,41.1,1
England,106.3,12.8,1
England,106.3,46.0,1
England,106.5,1.5,1
England,106.6,11.1,1
England,106.6,14.3,1
England,107.0,37.7,1
England,107.0,72.8,1
England,104.7,2.9,1
England,104.7,9.4,1
England,104.7,41.3,1
England,104.9,47.0,1
England,105.0,41.8,1
England,105.2,8.1,1
England,105.2,39.7,1
England,105.2,42.8,1
England,105.2,50.3,1
England,105.6,3.0,1
England,109.4,29.5,1
England,109.6,24.7,1
England,54.5,39.5,1
England,54.7,58.1,1
England,55.3,44.5,1
England,56.0,42.7,1
England,56.3,5.7,1
England,56.3,18.6,1
England,56.3,39.7,1
England,55.5,22.3,1
England,55.7,5.6,1
England,55.7,13.0,1
England,55.7,19.8,1
England,55.7,27.6,1
England,56.6,17.0,1
England,56.6,38.9,1
England,57.0,10.7,1
England,57.1,4.3,1
England,57.3,20.3,1
England,57.3,43.6,1
England,57.4,70.1,1
England,60.2,42.5,1
England,58.2,41.1,1
England,58.7,8.4,1
England,59.4,42.5,1
England,59.4,42.7,1
England,59.6,18.0,1
England,53.1,20.3,1
England,52.0,16.4,1
England,52.0,65.5,1
England,52.1,73.3,1
England,52.2,10.9,1
England,53.1,42.3,1
England,53.1,63.8,1
England,53.1,69.5,1
England,53.4,74.2,1
England,53.5,17.8,1
England,54.1,11.9,1
England,54.1,58.7,1
England,54.2,7.6,1
England,54.2,69.8,1
England,54.4,13.7,1
England,54.4,30.8,1
England,53.7,34.0,1
England,53.9,3.9,1
England,55.1,64.0,1
England,55.3,5.1,1
England,46.9,77.8,1
England,47.1,63.8,1
England,47.3,1.1,1
England,46.9,42.4,1
England,46.9,57.1,1
England,46.8,59.8,1
England,46.9,0.1,1
England,46.2,72.7,1
England,46.6,23.8,1
England,46.0,26.3,1
England,46.2,22.3,1
England,44.9,24.7,1
England,44.9,25.0,1
England,45.7,10.3,1
England,45.0,74.3,1
England,45.1,14.9,1
England,45.2,7.1,1
England,44.4,71.6,1
England,44.8,47.6,1
England,44.9,9.0,1
England,44.0,51.8,1
England,52.4,20.9,1
England,52.4,72.4,1
England,52.5,54.7,1
England,52.6,58.7,1
England,52.6,60.5,1
England,53.0,15.8,1
England,53.0,19.6,1
England,53.0,20.3,1
England,50.4,60.1,1
England,50.6,59.3,1
England,50.8,24.5,1
England,51.2,31.5,1
England,47.6,34.9,1
England,47.7,68.3,1
England,48.1,24.5,1
England,48.2,6.6,1
England,48.2,26.9,1
England,48.4,16.6,1
England,48.4,56.6,1
England,49.5,73.0,1
England,49.7,0.1,1
England,47.5,29.0,1
England,50.1,51.0,1
England,35.3,2.5,1
England,35.3,72.0,1
England,34.6,37.4,1
England,34.0,56.2,1
England,34.2,70.2,1
England,34.0,22.3,1
England,33.7,76.8,1
England,33.7,23.0,1
England,33.7,42.0,1
England,33.7,49.3,1
England,33.4,69.9,1
England,33.5,31.6,1
England,33.6,47.3,1
England,33.6,49.8,1
England,33.3,58.9,1
England,33.4,13.1,1
England,32.6,38.1,1
England,32.7,74.8,1
England,33.1,27.9,1
England,33.3,21.0,1
England,33.3,24.3,1
England,32.4,67.1,1
England,32.5,49.0,1
England,32.6,16.7,1
England,30.6,70.7,1
England,30.2,60.5,1
England,30.3,40.3,1
England,30.4,15.4,1
England,30.4,38.8,1
England,29.8,45.2,1
England,29.8,74.0,1
England,30.0,28.8,1
England,30.0,33.3,1
England,30.1,36.6,1
England,28.6,55.5,1
England,28.7,74.0,1
England,29.3,16.3,1
England,29.3,60.2,1
England,30.7,77.2,1
England,31.0,27.5,1
England,31.6,73.6,1
England,31.9,5.7,1
England,32.0,50.9,1
England,32.1,53.0,1
England,32.2,80.0,1
England,32.3,27.6,1
England,32.4,38.3,1
England,41.8,0.1,1
England,40.9,62.5,1
England,41.2,18.7,1
England,41.5,0.1,1
England,41.5,59.7,1
England,41.5,72.6,1
England,41.6,6.0,1
England,40.0,80.0,1
England,40.4,56.8,1
England,40.6,6.1,1
England,40.7,41.2,1
England,40.8,4.1,1
England,40.8,12.1,1
England,40.9,25.0,1
England,38.6,71.1,1
England,39.1,51.4,1
England,39.4,51.0,1
England,39.7,39.8,1
England,39.7,59.8,1
England,37.1,50.9,1
England,37.5,7.4,1
England,37.9,14.7,1
England,37.9,70.9,1
England,36.7,80.0,1
England,35.7,55.8,1
England,35.8,26.9,1
England,36.2,43.1,1
England,36.4,31.8,1
England,36.5,10.0,1
England,44.2,59.8,1
England,44.3,6.4,1
England,44.4,19.4,1
England,44.0,18.1,1
England,43.6,35.4,1
England,43.6,70.6,1
England,43.7,69.6,1
England,43.9,28.8,1
England,43.5,48.0,1
England,43.3,71.9,1
England,43.4,39.7,1
England,43.4,59.2,1
England,43.4,73.7,1
England,42.9,18.0,1
England,43.1,17.2,1
England,43.1,70.3,1
England,42.4,23.6,1
England,42.5,73.8,1
England,42.6,60.0,1
England,42.3,10.3,1
England,41.8,20.3,1
England,41.8,58.9,1
England,65.6,63.3,1
England,65.6,72.3,1
England,65.7,24.1,1
England,65.7,59.6,1
England,65.9,22.2,1
England,63.0,75.8,1
England,63.1,2.1,1
England,62.7,60.3,1
England,64.7,35.6,1
England,64.7,40.9,1
England,64.8,77.7,1
England,65.0,73.3,1
England,65.4,8.5,1
England,65.5,0.1,1
England,63.1,45.1,1
England,63.3,38.0,1
England,63.5,19.3,1
England,63.5,53.2,1
England,63.5,63.1,1
England,63.5,75.2,1
England,64.7,0.1,1
England,61.0,40.1,1
England,62.2,3.7,1
England,62.4,33.9,1
England,62.7,25.0,1
England,60.5,71.9,1
England,55.9,18.8,1
England,55.9,33.1,1
England,69.2,3.7,1
England,69.6,70.5,1
England,69.7,20.0,1
England,69.8,47.6,1
England,70.1,20.8,1
England,70.2,50.0,1
England,70.4,23.0,1
England,70.4,28.0,1
England,70.9,20.4,1
England,68.2,4.1,1
England,68.2,73.4,1
England,68.5,74.8,1
England,68.8,62.9,1
England,68.0,80.0,1
England,66.5,26.4,1
England,66.8,72.2,1
England,67.0,41.6,1
England,67.0,54.7,1
England,67.0,59.4,1
England,67.1,0.1,1
England,67.1,7.6,1
England,67.1,26.4,1
England,67.1,38.4,1
England,67.3,20.3,1
England,67.5,15.4,1
England,67.5,19.7,1
England,67.7,59.4,1
England,67.8,53.4,1
England,66.1,47.4,1
England,75.5,15.8,1
England,75.5,27.6,1
England,75.5,76.9,1
England,75.8,73.7,1
England,75.9,7.6,1
England,75.9,71.6,1
England,75.1,36.8,1
England,75.2,55.4,1
England,66.3,22.1,1
England,74.5,0.1,1
England,74.5,7.4,1
England,74.5,27.0,1
England,74.7,9.4,1
England,74.7,17.9,1
England,73.9,3.7,1
England,73.9,7.4,1
England,73.9,20.5,1
England,73.5,63.3,1
England,73.7,2.7,1
England,73.7,19.6,1
England,73.3,20.3,1
England,73.3,27.2,1
England,72.1,45.4,1
England,72.3,1.7,1
England,72.5,18.3,1
England,71.9,62.9,1
England,72.0,55.6,1
England,72.1,11.5,1
England,76.7,20.9,1
England,75.3,7.8,1
England,75.3,63.0,1
England,76.4,57.1,1
England,76.5,4.1,1
England,76.7,0.1,1
England,76.7,6.4,1
England,76.1,66.1,1
England,76.1,73.8,1
England,76.2,64.3,1
England,76.0,4.2,1
England,76.1,39.3,1
England,76.1,39.7,1
England,77.7,73.1,1
England,78.2,20.3,1
England,78.2,22.9,1
England,78.3,21.2,1
England,78.3,76.7,1
England,78.6,18.0,1
England,78.8,4.5,1
England,79.0,15.4,1
England,79.2,17.6,1
England,77.0,23.9,1
England,77.2,75.5,1
England,77.4,16.6,1
England,77.6,0.1,1
England,77.6,1.5,1
England,76.8,8.7,1
England,76.7,31.3,1
England,85.0,62.3,1
England,85.0,76.0,1
England,85.1,31.5,1
England,85.3,40.3,1
England,84.1,31.0,1
England,84.3,11.9,1
England,84.4,71.2,1
England,82.7,22.3,1
England,83.0,1.2,1
England,83.0,61.3,1
England,83.3,23.1,1
England,83.5,0.1,1
England,82.3,49.5,1
England,82.5,5.6,1
England,80.7,69.2,1
England,79.3,68.0,1
England,79.4,27.4,1
England,79.5,12.8,1
England,80.2,27.8,1
England,80.4,3.5,1
England,80.4,7.2,1
England,80.4,20.1,1
England,80.4,55.6,1
England,80.4,67.7,1
England,80.6,20.3,1
England,81.9,38.1,1
England,82.1,55.4,1
England,82.2,29.5,1
England,80.8,59.5,1
England,81.1,71.2,1
England,81.5,45.8,1
England,81.7,48.0,1
England,86.3,9.6,1
England,86.3,17.2,1
England,86.3,56.0,1
England,86.4,26.2,1
England,86.4,38.1,1
England,86.4,57.1,1
England,86.4,61.8,1
England,86.4,80.0,1
England,85.7,69.9,1
England,85.9,3.3,1
England,85.5,33.2,1
England,84.0,20.8,1
England,85.9,29.3,1
England,85.9,32.3,1
England,86.1,43.8,1
England,86.5,32.8,1
England,86.5,36.7,1
England,85.9,6.4,1
England,87.5,42.0,1
England,87.6,31.1,1
England,87.6,69.5,1
England,87.7,8.7,1
England,87.7,33.4,1
England,87.8,41.9,1
England,87.8,52.5,1
England,88.0,25.8,1
England,88.4,54.2,1
England,103.2,48.5,1
England,103.3,2.5,1
England,103.6,0.1,1
England,103.9,0.1,1
England,103.9,42.1,1
England,101.6,22.7,1
England,101.6,72.3,1
England,101.7,67.3,1
England,102.3,36.2,1
England,102.8,62.2,1
England,98.8,28.6,1
England,98.8,60.7,1
England,99.0,80.0,1
England,99.2,20.3,1
England,99.8,6.6,1
England,100.7,4.9,1
England,97.8,65.6,1
England,98.0,63.0,1
England,98.4,15.6,1
England,98.4,46.8,1
England,96.8,61.3,1
England,97.0,22.6,1
England,97.2,0.1,1
England,97.2,80.0,1
England,97.4,28.6,1
England,95.7,66.4,1
England,95.8,15.1,1
England,96.4,15.6,1
England,96.5,51.3,1
England,93.5,0.1,1
England,94.1,69.5,1
England,94.3,51.1,1
England,94.4,52.0,1
England,94.5,28.0,1
England,94.6,67.0,1
England,94.9,14.6,1
England,95.1,14.3,1
England,95.5,67.3,1
England,95.7,14.3,1
England,95.7,20.9,1
England,95.7,29.7,1
England,93.3,7.6,1
England,93.2,6.5,1
England,93.2,56.7,1
England,92.3,51.1,1
England,92.4,38.8,1
England,90.8,19.9,1
England,92.3,31.1,1
England,92.3,38.0,1
England,90.8,53.6,1
England,91.0,0.2,1
England,91.5,43.5,1
England,91.7,31.4,1
England,87.0,77.6,1
England,87.0,80.0,1
England,86.8,39.4,1
England,86.6,58.1,1
England,90.0,43.5,1
England,90.6,0.8,1
England,89.0,57.1,1
England,89.2,3.3,1
England,89.2,68.3,1
England,5.7,49.7,1
England,5.8,59.2,1
England,6.0,44.0,1
England,6.1,43.7,1
England,6.2,6.3,1
England,6.2,73.3,1
England,6.4,35.9,1
England,6.9,14.1,1
England,7.0,21.4,1
England,7.0,36.1,1
England,3.3,43.7,1
England,3.4,40.1,1
England,3.4,42.1,1
England,3.7,69.4,1
England,4.1,73.5,1
England,4.7,42.3,1
England,4.7,56.3,1
England,8.2,23.0,1
England,8.2,44.1,1
England,8.2,51.6,1
England,7.8,51.9,1
England,7.4,23.9,1
England,7.4,46.6,1
England,4.9,61.1,1
England,2.6,43.1,1
England,7.3,26.4,1
England,7.1,10.0,1
England,7.2,48.8,1
England,0.9,39.1,1
England,0.9,40.1,1
England,0.9,40.3,1
England,1.1,40.6,1
England,1.1,40.9,1
England,1.3,41.0,1
England,1.4,12.3,1
England,1.6,38.9,1
England,1.6,39.1,1
England,1.7,41.4,1
England,2.2,38.9,1
England,2.3,36.5,1
England,2.3,40.0,1
England,11.4,31.3,1
England,11.5,41.9,1
England,11.6,51.9,1
England,11.9,77.6,1
England,12.0,32.3,1
England,12.0,34.4,1
England,12.2,66.0,1
England,9.7,48.7,1
England,9.8,32.8,1
England,9.8,56.2,1
England,9.9,36.6,1
England,10.1,28.3,1
England,10.1,33.1,1
England,10.1,51.0,1
England,10.3,43.1,1
England,10.3,50.6,1
England,9.4,51.9,1
England,9.5,10.2,1
England,8.9,51.5,1
England,9.0,66.6,1
England,9.1,5.7,1
England,8.8,36.6,1
England,8.5,39.4,1
England,8.5,46.2,1
England,8.3,31.9,1
England,8.3,54.7,1
England,8.3,73.6,1
England,14.9,29.8,1
England,14.9,55.5,1
England,15.0,42.7,1
England,13.7,47.0,1
England,13.7,66.8,1
England,13.8,2.5,1
England,13.8,34.1,1
England,13.8,72.4,1
England,13.9,39.0,1
England,14.0,74.6,1
England,14.1,29.8,1
England,14.1,32.7,1
England,14.1,68.0,1
England,14.5,41.3,1
England,14.5,42.4,1
England,14.5,44.1,1
England,14.5,46.1,1
England,14.6,15.1,1
England,14.7,71.8,1
England,12.9,67.3,1
England,13.0,29.7,1
England,13.0,50.1,1
England,13.2,46.7,1
England,13.2,64.8,1
England,13.5,69.0,1
England,13.6,78.6,1
England,12.3,75.6,1
England,10.6,25.1,1
England,9.6,33.9,1
England,9.7,21.4,1
England,20.2,54.0,1
England,20.3,64.7,1
England,22.1,15.5,1
England,22.1,64.5,1
England,22.8,17.4,1
England,20.9,59.8,1
England,21.3,16.1,1
England,21.6,27.6,1
England,21.7,33.3,1
England,21.7,64.5,1
England,19.6,44.9,1
England,19.7,36.3,1
England,20.1,66.8,1
England,19.4,53.9,1
England,18.8,38.4,1
England,19.1,38.4,1
England,18.6,29.3,1
England,16.0,44.2,1
England,16.5,58.9,1
England,15.2,46.1,1
England,15.4,46.4,1
England,15.5,72.8,1
England,28.5,80.0,1
England,27.5,39.6,1
England,27.6,41.8,1
England,27.7,27.4,1
England,27.8,22.0,1
England,26.3,62.2,1
England,26.4,11.6,1
England,26.6,40.4,1
England,26.7,49.6,1
England,25.8,29.0,1
England,25.9,31.6,1
England,26.0,10.6,1
England,25.3,7.4,1
England,25.1,60.0,1
England,24.5,45.9,1
England,24.6,24.5,1
England,24.6,28.6,1
England,24.9,53.3,1
England,24.4,13.7,1
England,24.4,50.4,1
England,24.4,62.7,1
England,23.0,76.7,1
England,23.6,34.4,1
England,23.8,64.8,1
